years,gics_sector,ticker,avg_daily_close_change,avg_adj_close
2013,Communication Services,DIS,0.0018126760786908557,57.21306569235666
2013,Communication Services,DISH,0.0019652207110347247,42.98599205319844
2013,Communication Services,EA,0.002102930731170735,21.654789784597973
2013,Communication Services,GOOGL,0.0019191081621043001,442.56393250964936
2013,Communication Services,LUMN,-0.0003774885055181321,16.63540245994689
2013,Communication Services,LYV,0.0031843580673165408,15.071309509731474
2013,Communication Services,MTCH,0.0017048146964766492,12.957115559350877
2013,Communication Services,NFLX,0.006234847642956703,35.27183091072809
2013,Communication Services,TMUS,0.003073338056366326,22.204248803002493
2013,Communication Services,TTWO,0.002031374819880535,16.17619045953902
2013,Communication Services,VZ,0.0007357960148629678,32.675858444637726
2013,Communication Services,WBD,0.001483358021653403,40.42628819601877
2013,Consumer Discretionary,AAP,0.001819766021953206,81.69845241970486
2013,Consumer Discretionary,AMZN,0.001984509886493537,298.0315878126356
2013,Consumer Discretionary,EBAY,0.0004187239092101212,21.523031310429648
2013,Consumer Discretionary,HAS,0.0018700305869303673,35.771916177537705
2013,Consumer Discretionary,HD,0.0012772413587329643,61.268403900994194
2013,Consumer Discretionary,KMX,0.0010139687595898182,45.79507929181296
2013,Consumer Discretionary,LEN,0.00037025736906198684,35.03016145645626
2013,Consumer Discretionary,ROST,0.0014328506349513613,30.695833463517445
2013,Consumer Discretionary,TGT,0.0004116251515381891,51.53207921224927
2013,Consumer Discretionary,TJX,0.0017097938374276858,23.178862064603774
2013,Consumer Discretionary,TSLA,0.00681907360923125,20.880246050774105
2013,Consumer Discretionary,VFC,0.0021324574153511397,36.188996731288846
2013,Consumer Staples,ADM,0.002006904056567058,27.566164569249228
2013,Consumer Staples,CAG,0.0007042851317017521,20.469025263710627
2013,Consumer Staples,CLX,0.0011024075501907366,67.43744792635479
2013,Consumer Staples,EL,0.0010412735008684833,61.91184950631762
2013,Consumer Staples,HRL,0.0015964657369481204,17.2444392915756
2013,Consumer Staples,HSY,0.001304629294219622,73.26144277481805
2013,Consumer Staples,KMB,0.0010302953814890065,71.11600020575145
2013,Consumer Staples,MO,0.0010389678198091997,21.876694202423096
2013,Consumer Staples,PEP,0.0009100386994372966,62.30375249045236
2013,Consumer Staples,SJM,0.0008721808633124262,80.60757116287473
2013,Consumer Staples,SYY,0.0007520682167668301,26.44624348292275
2013,Consumer Staples,WBA,0.0019366406606686583,39.025493266090514
2013,Energy,BKR,0.0013485813401509148,27.841736271267845
2013,Energy,CTRA,0.0019511024326056541,28.956191781967405
2013,Energy,CVX,0.000735078026831842,82.18192836216518
2013,Energy,DVN,0.0008506269710799227,46.00159654163179
2013,Energy,EOG,0.0014570560530205833,62.22541837843637
2013,Energy,HES,0.0019371746788998305,62.46173863183884
2013,Energy,KMI,0.0003145745252788447,24.196641452728755
2013,Energy,OKE,0.0017975226983177786,25.50906132894849
2013,Energy,OXY,0.0010351987197931315,62.05615923139784
2013,Energy,PXD,0.0023987527029920297,140.78465464758494
2013,Energy,SLB,0.001192131606367049,63.17550416976687
2013,Energy,WMB,0.0008996849170168252,21.17386419810946
2013,Financials,AFL,0.001075666160332186,23.32307445435297
2013,Financials,AIG,0.0015977195235378583,36.77723961784726
2013,Financials,AIZ,0.0027213386041104993,42.84096299277412
2013,Financials,ALL,0.001344105392118831,41.41339576055133
2013,Financials,CMA,0.0019279419841840297,30.77761597860427
2013,Financials,FDS,0.0009546486747938388,92.86512480841742
2013,Financials,FRC,0.0019659791426956306,39.55470081359621
2013,Financials,GS,0.0014500732657791624,135.87728279355971
2013,Financials,IVZ,0.0015509434469017506,21.962291467757453
2013,Financials,SCHW,0.002537126191044641,18.335996843519666
2013,Financials,TFC,0.0011809789757277003,24.959094849843826
2013,Financials,WFC,0.0012911823520008264,31.07172683685545
2013,Health Care,ABC,0.0020449371561830285,49.34043405926417
2013,Health Care,AMGN,0.0013296248612187883,82.25516216338627
2013,Health Care,ANTM,0.0018096037533319352,69.06649099077497
2013,Health Care,BAX,0.00033401557725234174,32.853600176553876
2013,Health Care,BIIB,0.002783317476974765,215.2810322595021
2013,Health Care,HOLX,0.0005875857981731085,21.622619061242965
2013,Health Care,IDXX,0.000602583920682613,47.80307544223846
2013,Health Care,ILMN,0.002937573048458398,72.89821455213759
2013,Health Care,ISRG,-0.0007286481343100068,49.99028225550576
2013,Health Care,STE,0.0014361724970175832,38.15912623632522
2013,Health Care,VRTX,0.0030411493888516327,68.02952389490036
2013,Health Care,WST,0.0024298065188571036,35.18253707128858
2013,Industrials,AOS,0.002277107371404048,18.238973205051725
2013,Industrials,EMR,0.001286351493629574,46.2159165881929
2013,Industrials,FAST,0.0002662461744506395,19.204679057711648
2013,Industrials,HON,0.0015838675493391556,62.89825027708023
2013,Industrials,LDOS,0.0026070458654494323,21.750618226944454
2013,Industrials,LUV,0.002545663310400775,13.257360579475524
2013,Industrials,NDSN,0.0007858018939835217,64.20855903625488
2013,Industrials,RHI,0.0013047794841860693,30.96947392963228
2013,Industrials,SWK,0.0005548516348715966,68.25003104739719
2013,Industrials,TT,0.002036118183016991,31.615278266725085
2013,Industrials,UPS,0.0015560309589386261,68.04456934853205
2013,Industrials,WAB,0.0021714424525150367,54.225322753664045
2013,Information Technology,AVGO,0.0023028759377068824,31.0059849723937
2013,Information Technology,EPAM,0.002803346277605666,27.985317517840674
2013,Information Technology,HPQ,0.0030603287006727804,8.018033419336591
2013,Information Technology,INTU,0.0011127618270857734,60.325174150012785
2013,Information Technology,IT,0.001814859035133492,57.500198394533186
2013,Information Technology,LRCX,0.0017611718329350284,42.035328592572895
2013,Information Technology,MSFT,0.001580499844141191,27.58490959046379
2013,Information Technology,NXPI,0.0024321192860275293,32.871300924391974
2013,Information Technology,PTC,0.0019051837690204367,26.52119050707136
2013,Information Technology,TRMB,0.000773204573654934,29.238154767051576
2013,Information Technology,V,0.001648757672808467,42.4227882718283
2013,Information Technology,VRSN,0.0017704741664910954,48.46626981099447
2013,Materials,APD,0.001327672897554268,72.29870759873162
2013,Materials,CE,0.0010462083051430324,41.918551974826386
2013,Materials,CF,0.0007328476249297026,31.074373116568914
2013,Materials,DD,0.001509425388833779,35.378501074654714
2013,Materials,ECL,0.001574963883551135,81.41106626722548
2013,Materials,IP,0.001066422818022587,29.93187675778828
2013,Materials,MOS,-0.000450602146849074,45.328765051705496
2013,Materials,NUE,0.0010491815472058908,36.871498970758346
2013,Materials,PKG,0.002205336796828835,39.90939384793479
2013,Materials,SEE,0.002873557881936668,22.709893442335584
2013,Materials,SHW,0.0008374007139144712,54.02414564102415
2013,Materials,VMC,0.0007049116900983434,48.723264209807866
2013,Real Estate,ARE,-0.00011673767884501715,52.27193232945034
2013,Real Estate,BXP,5.210252407093531e-05,78.30458898392935
2013,Real Estate,CCI,0.000151354613723686,54.92498864067925
2013,Real Estate,CPT,-0.0004935301273482417,47.359225560748385
2013,Real Estate,DLR,-0.0008706679128764279,41.74794982728504
2013,Real Estate,FRT,0.00013038568698653914,79.35488879491412
2013,Real Estate,HST,0.0010514800157917824,13.370665512387715
2013,Real Estate,KIM,0.0003166563009685581,13.707829698683723
2013,Real Estate,O,2.7810161837743188e-05,27.949346792130243
2013,Real Estate,PSA,0.00033934038983657235,117.16697020757766
2013,Real Estate,REG,0.00014424631116653565,37.32637555258615
2013,Real Estate,WELL,-0.00026981442213402354,42.93887351808094
2013,Utilities,AES,0.0013593728411816814,9.665448546409607
2013,Utilities,ATO,0.0012043937626276993,33.40072021787129
2013,Utilities,CMS,0.0005573703986466983,20.770233124021498
2013,Utilities,CNP,0.0009402039087519552,16.507123065373253
2013,Utilities,DTE,0.0005919818153794415,41.98414885808551
2013,Utilities,ES,0.0005083326684905044,32.025785499148895
2013,Utilities,ETR,0.00023108550907845567,45.35006830427382
2013,Utilities,EXC,2.4609321785058866e-07,14.484407572519212
2013,Utilities,NEE,0.0010246699401382248,14.905408575421287
2013,Utilities,PEG,0.00040248245517921074,24.162999985710023
2013,Utilities,SO,5.116192810209668e-05,29.00325611659459
2013,Utilities,XEL,0.00041220785854244037,21.85919345371307
2014,Communication Services,DIS,0.000943076518700607,77.80734113662962
2014,Communication Services,DISH,0.0010536002140330014,62.604484164525594
2014,Communication Services,EA,0.003073018483036235,34.072228537665474
2014,Communication Services,GOOGL,-0.00013027510163740906,568.1223661634657
2014,Communication Services,LUMN,0.0011604826684430743,18.600710225483727
2014,Communication Services,LYV,0.0012612974671177045,23.153373067341153
2014,Communication Services,MTCH,-0.0002924594193542927,17.79116882218255
2014,Communication Services,NFLX,6.016326618583416e-05,57.49511904943557
2014,Communication Services,TMUS,-0.0006880765980339297,30.586904730115617
2014,Communication Services,TTWO,0.0021398292282851093,22.067896782405793
2014,Communication Services,VZ,2.1432833003400627e-05,34.082611969539094
2014,Communication Services,WBD,-0.0010217131475109347,39.41893027320741
2014,Consumer Discretionary,AAP,0.001564047182508736,125.83384353395492
2014,Consumer Discretionary,AMZN,-0.0007843167937739456,332.55103265671505
2014,Consumer Discretionary,EBAY,0.00018365725189010466,21.50365363983881
2014,Consumer Discretionary,HAS,0.0001937453721846332,43.511242609175426
2014,Consumer Discretionary,HD,0.001103355936030684,71.81337392897834
2014,Consumer Discretionary,KMX,0.0015767730722191953,49.750634904891726
2014,Consumer Discretionary,LEN,0.0006334948573710673,38.124693537515306
2014,Consumer Discretionary,ROST,0.0010332838702326545,34.2306811317565
2014,Consumer Discretionary,TGT,0.0009301410976747368,49.234123366219656
2014,Consumer Discretionary,TJX,0.00042754780057589607,26.69480630329677
2014,Consumer Discretionary,TSLA,0.002007791655361444,44.66581742725675
2014,Consumer Discretionary,VFC,0.000857419027690824,49.77883708287799
2014,Consumer Staples,ADM,0.0008747928086196623,36.78911530025422
2014,Consumer Staples,CAG,0.00047883914758394095,20.175521388886466
2014,Consumer Staples,CLX,0.0006304464445307364,74.9585065690298
2014,Consumer Staples,EL,0.00014939772082897144,67.22699799613348
2014,Consumer Staples,HRL,0.0006889725460806069,21.06143315633138
2014,Consumer Staples,HSY,0.0003923268850387325,81.17059516906738
2014,Consumer Staples,KMB,0.0007229979009887298,82.88276663280669
2014,Consumer Staples,MO,0.0012160240759972612,27.327010858626593
2014,Consumer Staples,PEP,0.0006652128087348027,70.83476510123602
2014,Consumer Staples,SJM,4.1045349918444444e-05,80.9236152588375
2014,Consumer Staples,SYY,0.0005353827868229336,30.280128759051127
2014,Consumer Staples,WBA,0.0013669708647703184,53.130152989947604
2014,Energy,BKR,0.00028620022141317584,37.0317826422434
2014,Energy,CTRA,-0.0008920084763671747,29.196156274704705
2014,Energy,CVX,-0.0002224908017205579,85.19517226446243
2014,Energy,DVN,0.00017267073729674128,54.68635111006479
2014,Energy,EOG,0.0005672010712260933,84.99805638146779
2014,Energy,HES,-0.0002997018196758736,75.70305471571665
2014,Energy,KMI,0.0009333074904153253,24.710135823204403
2014,Energy,OKE,-8.352565748324474e-05,36.58340438963875
2014,Energy,OXY,-0.00027341753044830456,67.66873471699064
2014,Energy,PXD,-0.0005897619072450291,174.14331378634014
2014,Energy,SLB,-4.142971874650259e-05,78.37192050994389
2014,Energy,WMB,0.0009394556034440315,30.441011307731507
2014,Financials,AFL,-0.0002154739211740832,25.3017976094806
2014,Financials,AIG,0.0004632573029271494,43.857531804887074
2014,Financials,AIZ,0.00023344839018456793,56.22396264757429
2014,Financials,ALL,0.0011161431204325706,50.67434727199494
2014,Financials,CMA,8.962899696916584e-05,38.50552652752589
2014,Financials,FDS,0.0011554633398819902,108.30647014436268
2014,Financials,FRC,0.00012786849606433347,47.96449444785951
2014,Financials,GS,0.0004657906776283294,152.44585013011144
2014,Financials,IVZ,0.0005165019241163398,26.858061404455277
2014,Financials,SCHW,0.0007710830441804842,24.999836967104958
2014,Financials,TFC,0.00031315091013111305,29.439211830260263
2014,Financials,WFC,0.0008964660929548925,40.020075525556294
2014,Health Care,ABC,0.0010868012981080878,65.70830914330861
2014,Health Care,AMGN,0.0015212715486263265,105.70711786784823
2014,Health Care,ANTM,0.00137646136927968,96.8954567076668
2014,Health Care,BAX,0.0003606579758411404,35.23248088170612
2014,Health Care,BIIB,0.0010237430626781592,317.9830948360383
2014,Health Care,HOLX,0.0008086625749896089,24.03269836637709
2014,Health Care,IDXX,0.0013977600625831408,64.18176582881382
2014,Health Care,ILMN,0.0023386618338040437,164.56559541490344
2014,Health Care,ISRG,0.0015415108866801768,49.18315257723369
2014,Health Care,STE,0.0013470748262408272,48.88092493632483
2014,Health Care,VRTX,0.002390890820609215,89.48496032896496
2014,Health Care,WST,0.0004615545738040812,43.71394018142942
2014,Industrials,AOS,0.0003117232466774797,21.977030610281325
2014,Industrials,EMR,-0.000341678269044764,51.28049535599966
2014,Industrials,FAST,0.0001725208938880113,18.83249369121733
2014,Industrials,HON,0.00048455214189772737,75.97530131869846
2014,Industrials,LDOS,4.961768683331733e-05,24.37235316776094
2014,Industrials,LUV,0.00339531760748,27.27889271387978
2014,Industrials,NDSN,0.000312625433953692,69.86223255641876
2014,Industrials,RHI,0.0014620104181662314,41.09508297935365
2014,Industrials,SWK,0.0008434374813164204,74.99605475531683
2014,Industrials,TT,0.0002663782869908782,40.4414184207008
2014,Industrials,UPS,0.00036654676342448344,79.41633321368505
2014,Industrials,WAB,0.0007300128264305949,76.74555633181618
2014,Information Technology,AVGO,0.002818528357338455,60.26537981487456
2014,Information Technology,EPAM,0.0016946806843165707,40.69408729341295
2014,Information Technology,HPQ,0.001611953502443057,12.202238185065132
2014,Information Technology,INTU,0.0008538546883471473,76.21671743241568
2014,Information Technology,IT,0.0007701041290046323,73.25749983106341
2014,Information Technology,LRCX,0.0016738019448906405,58.78940350668771
2014,Information Technology,MSFT,0.0010379102054566603,37.0869002493601
2014,Information Technology,NXPI,0.0022547344103500473,60.57574910966177
2014,Information Technology,PTC,0.00022850236269760424,37.01678572760688
2014,Information Technology,TRMB,-0.0008747321678767515,33.475119030664835
2014,Information Technology,V,0.0007667191349421896,52.53049484131828
2014,Information Technology,VRSN,-8.298730246939431e-05,54.546349222697906
2014,Materials,APD,0.0011964392535302375,96.01348095848446
2014,Materials,CE,0.00047556353757997156,50.16997216239808
2014,Materials,CF,0.0008085675396133055,39.32947573586116
2014,Materials,DD,0.000348584071896488,50.23748334248861
2014,Materials,ECL,0.0001072692116211071,99.75486222524492
2014,Materials,IP,0.0006034725858131524,33.12731991116963
2014,Materials,MOS,5.557169388056e-06,41.00555032397073
2014,Materials,NUE,-0.00014074936566656183,41.41397868262397
2014,Materials,PKG,0.0010364641447544393,55.34136354355585
2014,Materials,SEE,0.0010438519721245858,30.96837578122578
2014,Materials,SHW,0.0015323275238523432,65.3625107265654
2014,Materials,VMC,0.0005290566970766195,58.851724079677034
2014,Real Estate,ARE,0.001502611664968065,61.37234551565988
2014,Real Estate,BXP,0.001245990780211575,91.83717321971106
2014,Real Estate,CCI,0.0004341584479768886,58.36906496683756
2014,Real Estate,CPT,0.0012290664681328454,51.60704661172534
2014,Real Estate,DLR,0.0014725454005436434,44.37590994153704
2014,Real Estate,FRT,0.0012330876153495954,93.93254749358647
2014,Real Estate,HST,0.0009885522186025265,16.715671773940798
2014,Real Estate,KIM,0.0012299499728059737,15.322390654730418
2014,Real Estate,O,0.0012238856428470263,29.811484147631933
2014,Real Estate,PSA,0.0009747340217063396,132.6608452267117
2014,Real Estate,REG,0.0014490573738596972,41.55158768002949
2014,Real Estate,WELL,0.0016160308781211562,44.93509922330342
2014,Utilities,AES,-5.778802721719805e-05,10.862388171846904
2014,Utilities,ATO,0.0010157553585943037,41.20864306555854
2014,Utilities,CMS,0.0012284962016911782,23.916200584835476
2014,Utilities,CNP,0.0002578645556592237,17.756823229411292
2014,Utilities,DTE,0.0012347199798353832,49.18083410414438
2014,Utilities,ES,0.0011072834307771558,36.31157958318317
2014,Utilities,ETR,0.0015256284371858784,53.953919365292506
2014,Utilities,EXC,0.0014926894063455973,16.61118635677156
2014,Utilities,NEE,0.0010275616334583229,18.572623180964637
2014,Utilities,PEG,0.0012475117123362976,28.747229606386217
2014,Utilities,SO,0.0009286273839355771,30.902436884622727
2014,Utilities,XEL,0.0011912055852611957,25.030930784013535
2015,Communication Services,DIS,0.0005842451851348175,100.84622086419
2015,Communication Services,DISH,-0.0008475742525710641,66.99825403425429
2015,Communication Services,EA,0.0016941047164700672,63.551242116897825
2015,Communication Services,GOOGL,0.0016784077772351968,619.9882131909567
2015,Communication Services,LUMN,-0.0013904145831352154,16.897781250968812
2015,Communication Services,LYV,-0.0001423863909020934,25.95234125379532
2015,Communication Services,MTCH,-0.0006911312297925232,18.3338462095412
2015,Communication Services,NFLX,0.003874610249312446,91.89567447844006
2015,Communication Services,TMUS,0.0016229805780950423,36.44718264776563
2015,Communication Services,TTWO,0.0010518302197397667,29.267301529172865
2015,Communication Services,VZ,0.00019010945508513805,34.607730426485574
2015,Communication Services,WBD,-0.0008216958932023297,30.685714252411373
2015,Consumer Discretionary,AAP,-2.6544584862676405e-05,157.5186146932935
2015,Consumer Discretionary,AMZN,0.0033083250266242896,478.13829512823196
2015,Consumer Discretionary,EBAY,0.0007390263486126901,24.727265577467662
2015,Consumer Discretionary,HAS,0.0010551918057740324,58.2225665592012
2015,Consumer Discretionary,HD,0.0010767878733670825,99.85151324196467
2015,Consumer Discretionary,KMX,-0.0007022501588477268,64.01115078396268
2015,Consumer Discretionary,LEN,0.0005263107932364508,46.590545457506934
2015,Consumer Discretionary,ROST,0.0007065787419984945,47.51582664913602
2015,Consumer Discretionary,TGT,2.2452697650405224e-05,64.33382137238033
2015,Consumer Discretionary,TJX,0.0002738947476917338,31.354753115820508
2015,Consumer Discretionary,TSLA,0.000599666375675641,46.00857949635339
2015,Consumer Discretionary,VFC,-0.0005335625257641348,56.30798323192294
2015,Consumer Staples,ADM,-0.001174649932154848,37.359602072882275
2015,Consumer Staples,CAG,0.0008146407651909256,25.514351617722284
2015,Consumer Staples,CLX,0.0009336407213641303,95.01344795832559
2015,Consumer Staples,EL,0.0007280906977882417,77.7646732633076
2015,Consumer Staples,HRL,0.0018008292418566444,26.539791372087265
2015,Consumer Staples,HSY,-0.000430830459691754,80.60148623633006
2015,Consumer Staples,KMB,0.0005756919266484214,90.49892165168883
2015,Consumer Staples,MO,0.0008949771375227714,36.469027352711514
2015,Consumer Staples,PEP,0.0003796732903614044,79.40981456211635
2015,Consumer Staples,SJM,0.0009638901157864491,94.13073642670162
2015,Consumer Staples,SYY,0.00028125531602360464,32.73792786825271
2015,Consumer Staples,WBA,0.0006563959929769265,69.66048953646705
2015,Energy,BKR,-0.00048457213016395514,34.09325803272308
2015,Energy,CTRA,-0.001752370446435624,22.8171362687671
2015,Energy,CVX,-0.0005517403167141495,70.736358067346
2015,Energy,DVN,-0.0021599010304870804,43.600003144097705
2015,Energy,EOG,-0.0007930402210802287,73.70626740228562
2015,Energy,HES,-0.0013519994019769342,56.365906594291566
2015,Energy,KMI,-0.0036819195237532765,24.886533672847445
2015,Energy,OKE,-0.0021247522090220416,24.486984109121657
2015,Energy,OXY,-0.00040315678763005,57.42810388595339
2015,Energy,PXD,-0.00037324446141733035,130.44455873398553
2015,Energy,SLB,-0.0005742891566639771,66.26139316861591
2015,Energy,WMB,-0.0014666664008725345,29.61972993517679
2015,Financials,AFL,9.025761833853085e-05,26.089934825897217
2015,Financials,AIG,0.0005388448409106414,49.325180386740065
2015,Financials,AIZ,0.0008049744358683297,61.77114694080655
2015,Financials,ALL,-0.00033064009147678756,57.242493962484694
2015,Financials,CMA,-0.00021719215940487564,36.835948383997355
2015,Financials,FDS,0.0006833392847455055,149.75928700159466
2015,Financials,FRC,0.001078035476283823,58.111616376846555
2015,Financials,GS,-0.00013809066119711415,171.79920142037528
2015,Financials,IVZ,-0.0004247717712399931,27.09678904215495
2015,Financials,SCHW,0.0005480522055250119,28.728753816513787
2015,Financials,TFC,8.50217844771873e-05,30.508910088312057
2015,Financials,WFC,0.00015101621186576597,44.71079387362041
2015,Health Care,ABC,0.0006579782310056661,92.71574892316546
2015,Health Care,AMGN,0.0003119665757515271,129.93908552139524
2015,Health Care,ANTM,0.0006005563426634006,134.19910436963278
2015,Health Care,BAX,-3.5682321238220173e-06,34.51747737612043
2015,Health Care,BIIB,-5.6687248864504994e-05,352.5855553036644
2015,Health Care,HOLX,0.0015924034938986002,36.132896786644345
2015,Health Care,IDXX,0.00015802148716320596,72.44994046952989
2015,Health Care,ILMN,0.00042320958536804746,191.97404752458846
2015,Health Care,ISRG,0.00022678677880019494,56.33544093843491
2015,Health Care,STE,0.0007751035084164893,62.793797508118644
2015,Health Care,VRTX,0.000554909759986243,123.78531752692328
2015,Health Care,WST,0.0006158977796902535,55.070863920544824
2015,Industrials,AOS,0.0013924200251624946,30.831079460325697
2015,Industrials,EMR,-0.0007733615437810305,43.27921510121179
2015,Industrials,FAST,-0.0003895483585009447,16.971893575456406
2015,Industrials,HON,0.000302129200221886,84.40509308709039
2015,Industrials,LDOS,0.0013494011501195694,28.929686341966903
2015,Industrials,LUV,0.0003011412993111534,39.012640158335365
2015,Industrials,NDSN,-0.0006157044539193624,68.93688979981438
2015,Industrials,RHI,-0.0006916703524814709,48.48368470630948
2015,Industrials,SWK,0.0005774620830723105,89.64852357289148
2015,Industrials,TT,-0.00038185807674587984,42.762226119874015
2015,Industrials,UPS,-0.0003828009268585363,81.59483643183633
2015,Industrials,WAB,-0.0006576416137624067,87.30271539233979
2015,Information Technology,AVGO,0.0018232859021189228,104.35674440293084
2015,Information Technology,EPAM,0.0021751826381757886,68.42166681138296
2015,Information Technology,HPQ,-0.0013706927051756728,11.511221817561559
2015,Information Technology,INTU,0.0003697883724954984,91.93119315495566
2015,Information Technology,IT,0.0003709569076334771,86.01527768089657
2015,Information Technology,LRCX,0.00021933983794442685,69.23319280715216
2015,Information Technology,MSFT,0.0009677583616508294,41.895568575177876
2015,Information Technology,NXPI,0.0007939003803751149,88.2976821415008
2015,Information Technology,PTC,-0.0001173757394897642,36.22257928999643
2015,Information Technology,TRMB,-0.0005784113361905732,22.72019851018512
2015,Information Technology,V,0.0007913866608419964,67.5133960814703
2015,Information Technology,VRSN,0.0017855266422206891,69.3044841251676
2015,Materials,APD,-0.00021406826371443325,111.06110978504968
2015,Materials,CE,0.0007220265519183571,55.56181798662458
2015,Materials,CF,-0.0008095540351101043,44.99663707188198
2015,Materials,DD,0.000912517020908745,51.478317835974316
2015,Materials,ECL,0.0004806016145594666,105.57068876236204
2015,Materials,IP,-0.0011429581503011616,33.886293373410666
2015,Materials,MOS,-0.0017046332511127043,37.16360902786255
2015,Materials,NUE,-0.000490374128219293,36.912737710135325
2015,Materials,PKG,-0.0005577649636147024,57.99495790875147
2015,Materials,SEE,0.0003666902777479624,43.297248249962216
2015,Materials,SHW,8.803874736928567e-05,84.90737836323088
2015,Materials,VMC,0.0016339033722846054,82.92366315448095
2015,Real Estate,ARE,0.000279870116131273,76.37582200671
2015,Real Estate,BXP,0.00014722264491334868,105.2880403125097
2015,Real Estate,CCI,0.0005893779185995049,66.03485569121345
2015,Real Estate,CPT,0.0003776492279574877,58.16282906607976
2015,Real Estate,DLR,0.0008533059041309451,53.132899693080354
2015,Real Estate,FRT,0.0005363306908375118,111.8194984254383
2015,Real Estate,HST,-0.0014237673003168621,15.662518020660158
2015,Real Estate,KIM,0.000487493319256909,17.831519081479026
2015,Real Estate,O,0.0005865026436207239,35.0104204586574
2015,Real Estate,PSA,0.0013543694133567165,165.33136731102354
2015,Real Estate,REG,0.0004591349126408971,50.73576648651608
2015,Real Estate,WELL,-0.00014910715466290436,51.673205950903515
2015,Utilities,AES,-0.001154580351972291,9.358654921016996
2015,Utilities,ATO,0.0006717376643841454,48.04927084181044
2015,Utilities,CMS,0.00036123689278342723,28.491926344614182
2015,Utilities,CNP,-0.0006643993249165186,15.093625693094163
2015,Utilities,DTE,-7.331380287859551e-05,54.07678157564194
2015,Utilities,ES,2.9516633269656003e-05,40.69317502824087
2015,Utilities,ETR,-0.000709487877595204,55.25305770692371
2015,Utilities,EXC,-0.0008074846691310657,16.654390603776964
2015,Utilities,NEE,0.00022692579559554002,20.388298269302126
2015,Utilities,PEG,-1.876258021671527e-05,32.50237660937839
2015,Utilities,SO,0.00010023800843380685,33.133772040170335
2015,Utilities,XEL,0.00022044284541064728,28.873976344153995
2016,Communication Services,DIS,8.479232991753044e-05,92.32401847839355
2016,Communication Services,DISH,0.00026712525540734463,51.50972225552513
2016,Communication Services,EA,0.0007134365923699757,73.18479919433594
2016,Communication Services,GOOGL,0.00015337288724488686,763.2132142082094
2016,Communication Services,LUMN,0.00030093211252303653,16.246148151064677
2016,Communication Services,LYV,0.00044847138610079124,24.59269843025813
2016,Communication Services,MTCH,0.0013722760522400397,13.895668642861503
2016,Communication Services,NFLX,0.0007053887042334224,102.03035720946296
2016,Communication Services,TMUS,0.0016838513141173214,44.29353170546274
2016,Communication Services,TTWO,0.0015511473238291368,40.24853173513261
2016,Communication Services,VZ,0.0007972740080290972,39.52409461187938
2016,Communication Services,WBD,0.00030062217442807995,26.717936477963885
2016,Consumer Discretionary,AAP,0.0006092286853729004,149.89170752631293
2016,Consumer Discretionary,AMZN,0.0005862301699323722,699.5231348673502
2016,Consumer Discretionary,EBAY,0.0004930005970115144,25.890187861427428
2016,Consumer Discretionary,HAS,0.0007764520748340594,68.6007043596298
2016,Consumer Discretionary,HD,0.0002075982316239561,113.63711923266214
2016,Consumer Discretionary,KMX,0.0009520493514502699,52.88690482245551
2016,Consumer Discretionary,LEN,-0.0003746834485015419,42.10213069310264
2016,Consumer Discretionary,ROST,0.0009104501472000776,56.54146822672042
2016,Consumer Discretionary,TGT,0.00021209601462803844,62.413825352986656
2016,Consumer Discretionary,TJX,0.00035403345709146967,34.84673513684954
2016,Consumer Discretionary,TSLA,-0.00016095180754604108,41.953452466026185
2016,Consumer Discretionary,VFC,-0.00038017494833372844,48.75457383715917
2016,Consumer Staples,ADM,0.0011588398904174675,34.072434092324876
2016,Consumer Staples,CAG,0.0009195705064286869,29.98999852225894
2016,Consumer Staples,CLX,-6.970875974187556e-05,108.69588982112823
2016,Consumer Staples,EL,-0.00043085038850813596,83.69212280757843
2016,Consumer Staples,HRL,-0.00032667702714857185,33.77316605098664
2016,Consumer Staples,HSY,0.0008146690785485018,84.6127098325699
2016,Consumer Staples,KMB,-0.00026748164838433935,104.90294068957132
2016,Consumer Staples,MO,0.0007865771856819116,44.957434472583586
2016,Consumer Staples,PEP,0.00033401980610615385,87.55532867189437
2016,Consumer Staples,SJM,0.0003108225662937996,113.03643517267136
2016,Consumer Staples,SYY,0.0013766847365568823,42.15610106029208
2016,Consumer Staples,WBA,4.692551265908639e-05,67.43834156460233
2016,Energy,BKR,0.00171717475728311,29.173589403667147
2016,Energy,CTRA,0.0014847303825925853,19.58558084094335
2016,Energy,CVX,0.0013499334265205797,76.9297953257485
2016,Energy,DVN,0.002180174204817913,30.24541947576735
2016,Energy,EOG,0.001706993072090339,72.97292038751027
2016,Energy,HES,0.0015393258225945958,47.33874253621177
2016,Energy,KMI,0.001817170812982102,14.32361866557409
2016,Energy,OKE,0.004049184219638475,27.992244837776063
2016,Energy,OXY,0.0005119491891819643,58.06736514681862
2016,Energy,PXD,0.0016960368202148083,144.65581566946847
2016,Energy,SLB,0.0009632383558745224,64.15379634736077
2016,Energy,WMB,0.002402161038345164,16.81862603482746
2016,Financials,AFL,0.0007454513068383525,29.3931696150038
2016,Financials,AIG,0.0003931535572502307,49.034215669783336
2016,Financials,AIZ,0.0008007991837952046,74.14451008751278
2016,Financials,ALL,0.0008224089268716868,59.65020935119144
2016,Financials,CMA,0.002221483916146455,37.68061065673828
2016,Financials,FDS,0.0001599304610695427,149.50185388232035
2016,Financials,FRC,0.001503896904156832,69.4631824644785
2016,Financials,GS,0.0013321431866622614,152.8873400612483
2016,Financials,IVZ,-1.9827889197015883e-05,22.63319375023009
2016,Financials,SCHW,0.0009886218890316151,27.94238341043866
2016,Financials,TFC,0.0011010516098836584,30.371899551815456
2016,Financials,WFC,0.0002909511591275582,41.153764891246006
2016,Health Care,ABC,-0.0008784467119078353,75.1520542265877
2016,Health Care,AMGN,-0.00019263322782484875,131.20212364196777
2016,Health Care,ANTM,0.000332802291835563,123.56004914783296
2016,Health Care,BAX,0.0007299160476127856,41.10614822024391
2016,Health Care,BIIB,-6.18295344508804e-05,280.19896831209695
2016,Health Care,HOLX,0.0002861963824656963,36.469920582241485
2016,Health Care,IDXX,0.002016954658469117,94.53563493395609
2016,Health Care,ILMN,-0.0010904411335971983,151.53579333471873
2016,Health Care,ISRG,0.0006803399131590447,70.69981917123945
2016,Health Care,STE,-0.0002928869373190391,64.74018053024534
2016,Health Care,VRTX,-0.0017582124611632713,88.18281736828033
2016,Health Care,WST,0.0014900652284134171,71.03114173525856
2016,Industrials,AOS,0.0010084229944216944,38.85463012967791
2016,Industrials,EMR,0.000861210412116955,44.07059652843173
2016,Industrials,FAST,0.0007941672277317492,18.69306868977017
2016,Industrials,HON,0.0006153843223100174,94.58912816123357
2016,Industrials,LDOS,0.001106075511665949,35.33643648359511
2016,Industrials,LUV,0.0008066391850980476,39.902321724664596
2016,Industrials,NDSN,0.0024447431846122635,81.65125565301804
2016,Industrials,RHI,0.0004300599480896216,36.519363214099215
2016,Industrials,SWK,0.0004473078476591778,101.12817958044627
2016,Industrials,TT,0.0014133366935566874,45.0460273197719
2016,Industrials,UPS,0.0008464853501522295,88.40867805480957
2016,Industrials,WAB,0.0007815286866873089,73.08799278925336
2016,Information Technology,AVGO,0.0010174420711408293,132.2911581311907
2016,Information Technology,EPAM,-0.0005702947990068204,68.56087251693484
2016,Information Technology,HPQ,0.001280493751525485,11.08677127247765
2016,Information Technology,INTU,0.0008069860223092302,101.76607734437972
2016,Information Technology,IT,0.0005241266293619907,92.5786904531812
2016,Information Technology,LRCX,0.0013462821446141842,79.55021894545783
2016,Information Technology,MSFT,0.000659350878326149,50.923428868490554
2016,Information Technology,NXPI,0.0008754922446179553,83.10443184867738
2016,Information Technology,PTC,0.0013073035072110799,38.792380976298496
2016,Information Technology,TRMB,0.0015284220002103007,25.653492041996547
2016,Information Technology,V,0.00015337152843573963,75.00728455800859
2016,Information Technology,VRSN,-0.00042173216413679066,81.81349188183981
2016,Materials,APD,0.0009035051381048179,115.49831708272298
2016,Materials,CE,0.0008486465136530241,60.532338324047274
2016,Materials,CF,-0.0002732593499272949,23.443201087770007
2016,Materials,DD,0.0007925447657383567,59.07075567094107
2016,Materials,ECL,0.00023984330766184237,108.68419689602322
2016,Materials,IP,0.00166704886666299,32.1978174921066
2016,Materials,MOS,0.0008073381311492062,24.639014947982062
2016,Materials,NUE,0.0018554040180488657,42.127221001519096
2016,Materials,PKG,0.0014761799095565015,59.679189485216895
2016,Materials,SEE,0.00025810400667820404,42.45425054762099
2016,Materials,SHW,0.00030115426404036643,87.87686408512177
2016,Materials,VMC,0.001273693970975797,105.16186135912699
2016,Real Estate,ARE,0.0010424574393842914,84.33125518617176
2016,Real Estate,BXP,0.00011234794670999817,107.15889609806122
2016,Real Estate,CCI,0.00024749703674503465,73.91188771384103
2016,Real Estate,CPT,0.0007813759930542243,65.80520714653863
2016,Real Estate,DLR,0.0013066761994784725,76.87717091091095
2016,Real Estate,FRT,4.956939854566315e-05,125.38304316808306
2016,Real Estate,HST,0.001204868464842315,13.756002770529854
2016,Real Estate,KIM,2.6033131022714105e-05,20.797524035923065
2016,Real Estate,O,0.0006891219423350863,46.359512813507564
2016,Real Estate,PSA,-0.00018491104111861085,196.28555588495163
2016,Real Estate,REG,0.00022596849172338524,60.246558779761905
2016,Real Estate,WELL,0.00026485825982936004,53.70653179713658
2016,Utilities,AES,0.001100502055592121,9.230853536772349
2016,Utilities,ATO,0.0008083791409849113,63.98399530138288
2016,Utilities,CMS,0.0007464285167638328,35.236613319033665
2016,Utilities,CNP,0.0014458533085960773,17.844585687395128
2016,Utilities,DTE,0.0010075083960877948,63.661481736198304
2016,Utilities,ES,0.0005010965712078881,46.49350279853458
2016,Utilities,ETR,0.0005361220768224157,59.79922308240618
2016,Utilities,EXC,0.0013443250775239553,18.562428402522254
2016,Utilities,NEE,0.0008598305536078159,25.30573342338441
2016,Utilities,PEG,0.0007208048215379425,35.75286554154896
2016,Utilities,SO,0.00042247426678735354,38.751767748878116
2016,Utilities,XEL,0.0006891119855690071,35.12560226803734
2017,Communication Services,DIS,0.00023073543299527384,102.26329028368946
2017,Communication Services,DISH,-0.0006426911971748973,58.45000003343559
2017,Communication Services,EA,0.0012611191011580713,103.06444886956082
2017,Communication Services,GOOGL,0.0011808432601452435,939.7730703163907
2017,Communication Services,LUMN,-0.0007414982080017712,13.82792854689032
2017,Communication Services,LYV,0.001966554226468038,36.15015930388553
2017,Communication Services,MTCH,0.002610531521476927,19.920598026290833
2017,Communication Services,NFLX,0.0019007675784031815,165.37426304912188
2017,Communication Services,TMUS,0.0004972936266690978,62.59119523188982
2017,Communication Services,TTWO,0.0033731858459947425,80.860159323035
2017,Communication Services,VZ,0.00021260218865968436,38.79014494694562
2017,Communication Services,WBD,-0.0006325917301474743,24.53565741915152
2017,Consumer Discretionary,AAP,-0.0017786490971116726,118.34117102148049
2017,Consumer Discretionary,AMZN,0.0018563663766045834,968.1670116409363
2017,Consumer Discretionary,EBAY,0.001027285199217605,33.536590978918795
2017,Consumer Discretionary,HAS,0.0008589638395214295,85.01444356849944
2017,Consumer Discretionary,HD,0.0015047920210985934,139.08510966509937
2017,Consumer Discretionary,KMX,9.174865001503688e-05,65.84824701134427
2017,Consumer Discretionary,LEN,0.0017022558767150738,50.13857570207451
2017,Consumer Discretionary,ROST,0.0009476741444520192,61.51830995415311
2017,Consumer Discretionary,TGT,-5.920395104309546e-05,51.334584528706465
2017,Consumer Discretionary,TJX,0.00019368774249523544,34.56778482991861
2017,Consumer Discretionary,TSLA,0.0017478682785178061,62.863258969736286
2017,Consumer Discretionary,VFC,0.0014921284120446357,49.76859128427696
2017,Consumer Staples,ADM,-0.0003268047337879918,36.91010243389236
2017,Consumer Staples,CAG,-5.068941087462246e-05,32.06117270572252
2017,Consumer Staples,CLX,0.00099456189398772,117.98577066246732
2017,Consumer Staples,EL,0.0021501622277249628,95.16184499064289
2017,Consumer Staples,HRL,0.000331171669102502,30.835209736311104
2017,Consumer Staples,HSY,0.0004967511816211385,96.99353246194907
2017,Consumer Staples,KMB,0.00038422763928425716,105.65149254057987
2017,Consumer Staples,MO,0.0004136027431692489,50.85048912625864
2017,Consumer Staples,PEP,0.0006722267654810469,98.14378615299545
2017,Consumer Staples,SJM,6.398145548766112e-05,105.0925958033102
2017,Consumer Staples,SYY,0.0005174304785920065,47.6564339109626
2017,Consumer Staples,WBA,-0.00037528377809724274,66.94206777321865
2017,Energy,BKR,-0.001219742359196863,32.46041824523196
2017,Energy,CTRA,0.001001659852074752,21.295405520860893
2017,Energy,CVX,0.0004403375069161337,89.31601377692355
2017,Energy,DVN,-0.00017632143057727423,31.992873309617973
2017,Energy,EOG,0.00036672533841698924,83.99402056082312
2017,Energy,HES,-0.0007989999521152935,42.818096145690674
2017,Energy,KMI,-0.0003787265933341891,15.1392749505214
2017,Energy,OKE,1.3812751163023271e-05,38.13388342686383
2017,Energy,OXY,0.0003868725047320059,54.06995952651795
2017,Energy,PXD,7.677180946856748e-06,148.9147409081934
2017,Energy,SLB,-0.0006947546271753554,60.570486866620435
2017,Energy,WMB,0.00017390446591388037,22.05652432992639
2017,Financials,AFL,0.0010410733666969742,34.613838704933684
2017,Financials,AIG,-0.00022877819183614908,54.598950116282914
2017,Financials,AIZ,0.00048817126038959994,89.42917095047544
2017,Financials,ALL,0.0014760031106840876,79.67154830385489
2017,Financials,CMA,0.0011247270214690395,61.127332315027004
2017,Financials,FDS,0.0007754397389851926,165.0074737670412
2017,Financials,FRC,-0.0001455268569005904,92.77106810186014
2017,Financials,GS,0.00037375712227328823,213.9183978198534
2017,Financials,IVZ,0.0009569536669816145,26.54858065601364
2017,Financials,SCHW,0.0011818351509128608,39.89587071027414
2017,Financials,TFC,0.0003894060142627033,38.91343579539265
2017,Financials,WFC,0.0005567314542559507,47.60963746940947
2017,Health Care,ABC,0.0008402432403246176,79.12798984117242
2017,Health Care,AMGN,0.0008630447894231723,147.50278317880822
2017,Health Care,ANTM,0.0019061410459931768,175.0561352612013
2017,Health Care,BAX,0.001578931891467856,54.94160508539572
2017,Health Care,BIIB,0.0005705528921611379,291.0549403338793
2017,Health Care,HOLX,0.00033262925294513335,41.291991898738054
2017,Health Care,IDXX,0.00126435759649874,154.00091653041156
2017,Health Care,ILMN,0.0023078819363227445,185.78569754186378
2017,Health Care,ISRG,0.002249807241028802,102.39468766778589
2017,Health Care,STE,0.0011474192201996083,76.0441353786514
2017,Health Care,VRTX,0.003108613977835232,126.90382482521088
2017,Health Care,WST,0.0007215364421218005,89.32748109125995
2017,Industrials,AOS,0.0011180039851806432,50.763829311051694
2017,Industrials,EMR,0.0010729667331254257,53.26501350858772
2017,Industrials,FAST,0.0008206138344261421,20.537980060653382
2017,Industrials,HON,0.001219512698319186,116.7414374180524
2017,Industrials,LDOS,0.001085645880310078,51.444171981507566
2017,Industrials,LUV,0.0012326941563552065,54.91184875974617
2017,Industrials,NDSN,0.0012245092612570678,116.89358824467755
2017,Industrials,RHI,0.0007015709786901449,44.3314323425293
2017,Industrials,SWK,0.001669541291598126,130.9524475644784
2017,Industrials,TT,0.0008247467979045799,61.20372512331047
2017,Industrials,UPS,0.00032348622718269616,96.20268982055178
2017,Industrials,WAB,5.973910253080898e-05,77.45009217889185
2017,Information Technology,AVGO,0.0016817852431199303,202.37332925378564
2017,Information Technology,EPAM,0.0021385888801010765,83.13780876554816
2017,Information Technology,HPQ,0.0015812778133979,16.349331080676077
2017,Information Technology,INTU,0.0013805454223666392,130.75921177959063
2017,Information Technology,IT,0.0008652871229981689,116.09039832491324
2017,Information Technology,LRCX,0.0024048107910193003,145.44903406393956
2017,Information Technology,MSFT,0.0014052246639146262,68.00690083294751
2017,Information Technology,NXPI,0.0007176254339131694,104.94187659761346
2017,Information Technology,PTC,0.001214078142875925,56.37677283116071
2017,Information Technology,TRMB,0.0012634819538474653,36.1892827630518
2017,Information Technology,V,0.0015742242597442835,94.81511706470019
2017,Information Technology,VRSN,0.0016635792680259264,96.47976100967225
2017,Materials,APD,0.0006889865654233238,131.68672979590428
2017,Materials,CE,0.0013586264266688673,86.39920293192465
2017,Materials,CF,0.0015980077268178574,28.066578640880813
2017,Materials,DD,0.0011560570770151805,79.98679157272278
2017,Materials,ECL,0.0006065466514753259,123.21338231060135
2017,Materials,IP,0.000567997185008327,41.94846280162553
2017,Materials,MOS,-0.00027175708600734173,23.867456390563234
2017,Materials,NUE,0.0004992749228321506,51.66185043152585
2017,Materials,PKG,0.0015631647339707146,92.2412405735943
2017,Materials,SEE,0.00046327891221264794,42.27243025274391
2017,Materials,SHW,0.0017785827365908642,110.0766258391726
2017,Materials,VMC,0.00025651094192537987,115.98965490576755
2017,Real Estate,ARE,0.0007951842760267269,104.87412416982461
2017,Real Estate,BXP,0.0002740547776339795,108.43233070525515
2017,Real Estate,CCI,0.0011840309804007684,85.2269271303458
2017,Real Estate,CPT,0.0005349629328315369,75.30605294884913
2017,Real Estate,DLR,0.0007984124583085348,97.18918062491245
2017,Real Estate,FRT,-8.77243579634709e-05,111.07177658385015
2017,Real Estate,HST,0.00042989424103357483,16.566169035862167
2017,Real Estate,KIM,-0.0008877679275237187,15.832559973120214
2017,Real Estate,O,0.00020355821297997792,45.16150323328269
2017,Real Estate,PSA,-5.877270899827e-05,181.975861142831
2017,Real Estate,REG,0.00021165699180698214,54.349313469996964
2017,Real Estate,WELL,5.104172617628954e-05,56.830157929682635
2017,Utilities,AES,2.330782769819625e-05,9.490441535098618
2017,Utilities,ATO,0.0007023719100569841,74.6510305518648
2017,Utilities,CMS,0.000650356901534916,40.55267198722201
2017,Utilities,CNP,0.0007447010313821396,23.882925664286216
2017,Utilities,DTE,0.0006030015908416804,76.80406541558376
2017,Utilities,ES,0.0006835167908865976,52.701404237177265
2017,Utilities,ETR,0.0006238574432254888,65.00658181179092
2017,Utilities,EXC,0.0006569430889343547,21.96466376771965
2017,Utilities,NEE,0.0012043968769732691,31.58824254982025
2017,Utilities,PEG,0.000816314793013173,39.3890193772031
2017,Utilities,SO,0.0001246930392286504,40.170802097396546
2017,Utilities,XEL,0.0008131305992102077,41.37665656648309
2018,Communication Services,DIS,0.00022873187941455108,105.87990652137543
2018,Communication Services,DISH,-0.00225027964452375,35.87402384784592
2018,Communication Services,EA,-0.0009380501184816885,117.05070054863553
2018,Communication Services,GOOGL,0.00012585426586857488,1122.0435856670972
2018,Communication Services,LUMN,0.0003549408705004399,13.544172628942238
2018,Communication Services,LYV,0.0008006260694764681,47.661195276267975
2018,Communication Services,MTCH,0.0020973063965626796,41.44966388413631
2018,Communication Services,NFLX,0.0017513090974741795,319.2903190096061
2018,Communication Services,TMUS,0.00013121045382826936,63.27278883428688
2018,Communication Services,TTWO,7.525946377340807e-05,115.89752978442675
2018,Communication Services,VZ,0.0005072038199034924,43.947218754377026
2018,Communication Services,WBD,0.0006672916400993625,26.570557803271775
2018,Consumer Discretionary,AAP,0.0020316309200656,134.74856381967248
2018,Consumer Discretionary,AMZN,0.0012555384372212606,1641.7261758629545
2018,Consumer Discretionary,EBAY,-0.000985575060108899,34.49328305521809
2018,Consumer Discretionary,HAS,-0.00019199011891027319,83.29551544797373
2018,Consumer Discretionary,HD,-0.00020008244791093902,172.69564928761517
2018,Consumer Discretionary,KMX,7.592719728197759e-05,68.62055776223718
2018,Consumer Discretionary,LEN,-0.001687883268413807,50.82003919441861
2018,Consumer Discretionary,ROST,0.00033282557931869623,83.10679395455288
2018,Consumer Discretionary,TGT,0.00034157970746657074,70.07779897256677
2018,Consumer Discretionary,TJX,0.0007875055836305578,44.06136571268637
2018,Consumer Discretionary,TSLA,0.0009319862424007804,63.46198397328654
2018,Consumer Discretionary,VFC,9.632107117058042e-05,70.25471584730414
2018,Consumer Staples,ADM,0.0002747578991050903,40.69572100696336
2018,Consumer Staples,CAG,-0.0019776134085373047,31.682261645556448
2018,Consumer Staples,CLX,0.0003760212123090691,125.81588723839991
2018,Consumer Staples,EL,0.0002662384221740391,135.9277250130338
2018,Consumer Staples,HRL,0.000797146045046049,34.9413329804561
2018,Consumer Staples,HSY,-3.31474438863452e-05,92.03397810126681
2018,Consumer Staples,KMB,3.2254537468154794e-05,97.32481736870876
2018,Consumer Staples,MO,-0.001147444869357805,45.70692419530861
2018,Consumer Staples,PEP,-0.00012913903459321928,99.058193769113
2018,Consumer Staples,SJM,-0.0008909978588964872,99.77411159196222
2018,Consumer Staples,SYY,0.0003073295906852409,59.907080220986174
2018,Consumer Staples,WBA,4.60206008341729e-06,60.81137492267259
2018,Energy,BKR,-0.0012155364411301486,27.199832718685805
2018,Energy,CTRA,-0.0007514480079807972,20.88237070182405
2018,Energy,CVX,-0.00029240003034846534,100.0412322876463
2018,Energy,DVN,-0.0020665446807624755,31.809835730320906
2018,Energy,EOG,-0.0006324812614427146,100.02881689185641
2018,Energy,HES,-0.0002484740219381247,54.277135111896165
2018,Energy,KMI,-0.00035705538559087716,13.547648068918175
2018,Energy,OKE,0.00035416795755541475,47.405021165946565
2018,Energy,OXY,-0.000426643200114781,66.40935216956879
2018,Energy,PXD,-0.0008710400783482234,159.49926700060112
2018,Energy,SLB,-0.0022235763217879883,55.344118437444074
2018,Energy,WMB,-0.00096559888778858,21.413506238109086
2018,Financials,AFL,0.0003202459477729311,40.68114444079152
2018,Financials,AIG,-0.0014291413471190517,46.921031769528334
2018,Financials,AIZ,-0.0002767979423155589,90.17188785750552
2018,Financials,ALL,-0.0007751738498620841,87.03311549334887
2018,Financials,CMA,-0.0007341304809811119,77.70540890940632
2018,Financials,FDS,0.00028471348724809265,202.0612112706401
2018,Financials,FRC,0.0001497773421542245,92.98802124266605
2018,Financials,GS,-0.0014945299823476746,216.1173769886275
2018,Financials,IVZ,-0.0027644372897108597,22.12456796273767
2018,Financials,SCHW,-0.0006581932181599889,48.583012630265074
2018,Financials,TFC,-0.00033673764870274667,44.747202915024474
2018,Financials,WFC,-0.0008708162255247983,49.18219544308119
2018,Health Care,ABC,-0.0005862775049720753,83.30110217090622
2018,Health Care,AMGN,0.000677537137400199,167.202376893792
2018,Health Care,ANTM,0.0007734849610746504,239.10307798347625
2018,Health Care,BAX,0.00022383517853101536,66.83131390453809
2018,Health Care,BIIB,1.9511305823685044e-05,313.64434255166833
2018,Health Care,HOLX,-4.464866475970783e-05,40.068884480996914
2018,Health Care,IDXX,0.0008704587915030522,209.77872488318212
2018,Health Care,ILMN,0.001528848511588681,286.55952210445327
2018,Health Care,ISRG,0.0013030770828959884,159.90250989450402
2018,Health Care,STE,0.0009243941503074667,100.53208205994382
2018,Health Care,VRTX,0.000624731876833177,167.4049004786518
2018,Health Care,WST,0.00013852362116208587,100.23626298638455
2018,Industrials,AOS,-0.0012499496673130078,54.01141290550688
2018,Industrials,EMR,-0.0003861155545372789,63.49009590604866
2018,Industrials,FAST,8.674264091342923e-05,24.523460365386597
2018,Industrials,HON,-0.0002697032878363971,134.39049061930987
2018,Industrials,LDOS,-0.0006145774664522537,60.74968687566628
2018,Industrials,LUV,-0.0011677720532499278,54.729102039717105
2018,Industrials,NDSN,-0.0006390022678823998,128.31766810930108
2018,Industrials,RHI,0.000359991887895037,59.31235008695686
2018,Industrials,SWK,-0.0011576198664711033,133.57916736982733
2018,Industrials,TT,0.0002823247316139184,67.89463901899725
2018,Industrials,UPS,-0.000543264337334103,100.59303624126541
2018,Industrials,WAB,-0.0003678661677623096,90.10583830449686
2018,Information Technology,AVGO,0.000393686281891321,211.53599499706255
2018,Information Technology,EPAM,0.0004885486768546415,123.06876516152188
2018,Information Technology,HPQ,0.00014389835433122636,20.677568017724028
2018,Information Technology,INTU,0.001071744572264851,191.5255584108877
2018,Information Technology,IT,0.0002635999192423829,135.5960558097201
2018,Information Technology,LRCX,-0.0007984612534439593,166.38668507123847
2018,Information Technology,MSFT,0.0009106514634401871,97.28502010634222
2018,Information Technology,NXPI,-0.0015389463404228369,97.81049559695788
2018,Information Technology,PTC,0.0014350162941333758,86.34195225932208
2018,Information Technology,TRMB,-0.0006338821380492303,37.68095619839976
2018,Information Technology,V,0.0007347648168613289,129.5474334048085
2018,Information Technology,VRSN,0.0012131804963314103,136.94139433477028
2018,Materials,APD,8.859206129525816e-05,149.7225898651488
2018,Materials,CE,-0.0004756510551911369,98.95951533222579
2018,Materials,CF,0.00047215396517013875,39.77157416476671
2018,Materials,DD,-0.0007951367112407383,84.26580673764902
2018,Materials,ECL,0.000480433986410225,140.08985606037763
2018,Materials,IP,-0.0011240477807947344,41.58559811352733
2018,Materials,MOS,0.0007640313975133773,28.188872196759835
2018,Materials,NUE,-0.0005618988823965096,57.12186694810115
2018,Materials,PKG,-0.0011987683916552608,99.32245982500662
2018,Materials,SEE,-0.0012014989142393364,39.07029825947674
2018,Materials,SHW,-2.228457136843432e-05,132.75807442228157
2018,Materials,VMC,-0.0007909043500298807,111.34663901765983
2018,Real Estate,ARE,-0.00029061451602998325,112.91074568911853
2018,Real Estate,BXP,-0.00037237058437180254,108.14276104809278
2018,Real Estate,CCI,0.00014986988738658423,96.39633279017718
2018,Real Estate,CPT,3.431974922919463e-05,79.46414567559839
2018,Real Estate,DLR,-3.0156919296003503e-06,98.0939500056415
2018,Real Estate,FRT,-0.0002575348550832764,106.8650462845882
2018,Real Estate,HST,-0.00045825744348073884,18.386708954890885
2018,Real Estate,KIM,-0.00042026008470208697,13.135834545728219
2018,Real Estate,O,0.000670198644929388,45.84004963726636
2018,Real Estate,PSA,9.473462959786525e-05,182.2630125858869
2018,Real Estate,REG,-0.0004269772613156532,52.739083765037506
2018,Real Estate,WELL,0.000678850317724771,52.50085321555574
2018,Utilities,AES,0.0014516874525526383,11.541398382756814
2018,Utilities,ATO,0.00045489686765247037,81.58529295294409
2018,Utilities,CMS,0.00037628283836024356,42.494357773982195
2018,Utilities,CNP,0.00021196989745691467,24.10125945193834
2018,Utilities,DTE,0.0002655356822553841,80.99535789337766
2018,Utilities,ES,0.00031384933248219336,54.53375959966287
2018,Utilities,ETR,0.00046524726255683637,70.67299252392286
2018,Utilities,EXC,0.0007782050068299496,25.658206301381387
2018,Utilities,NEE,0.0005887046347079258,38.04120512882552
2018,Utilities,PEG,0.00024972653588849485,45.829719254695085
2018,Utilities,SO,-8.475841835425978e-05,38.32168732601333
2018,Utilities,XEL,0.00029034862267534114,42.871139419981205
2019,Communication Services,DIS,0.00124601540204126,129.66007405235655
2019,Communication Services,DISH,0.0016137282298898262,34.17603168790303
2019,Communication Services,EA,0.001498171199888927,95.10083855523004
2019,Communication Services,GOOGL,0.0010962322799682742,1191.2169417123946
2019,Communication Services,LUMN,9.264880114889619e-05,9.970998782960196
2019,Communication Services,LYV,0.001616511160638818,64.76047627888029
2019,Communication Services,MTCH,0.0029561477381671846,67.43468269469246
2019,Communication Services,NFLX,0.0009901001151490319,328.8723800901383
2019,Communication Services,TMUS,0.0009145677447517159,75.38646831209698
2019,Communication Services,TTWO,0.0009120288885442019,111.80222220647903
2019,Communication Services,VZ,0.0005641040031948522,51.12564052097381
2019,Communication Services,WBD,0.001292511826424554,29.028809479304723
2019,Consumer Discretionary,AAP,0.00021313399101661164,153.64895369514588
2019,Consumer Discretionary,AMZN,0.0009264516812340825,1789.189206077939
2019,Consumer Discretionary,EBAY,0.0011637144900439348,35.819176060812815
2019,Consumer Discretionary,HAS,0.0013680869025966317,92.57244724697537
2019,Consumer Discretionary,HD,0.001124136131302456,194.51466981191484
2019,Consumer Discretionary,KMX,0.001466168792002342,80.15876988002232
2019,Consumer Discretionary,LEN,0.0015523655608523223,50.4013982197595
2019,Consumer Discretionary,ROST,0.0014589725293891263,99.77575468638587
2019,Consumer Discretionary,TGT,0.002962891061844936,86.9696004807003
2019,Consumer Discretionary,TJX,0.001378607064902503,52.33356811886742
2019,Consumer Discretionary,TSLA,0.0013907040888188902,54.706039686051625
2019,Consumer Discretionary,VFC,0.0017819373242986842,78.87362336355542
2019,Consumer Staples,ADM,0.0007072431985528455,38.26938091762482
2019,Consumer Staples,CAG,0.0022566218678414106,25.09530809190538
2019,Consumer Staples,CLX,0.00015882089789510747,143.05677795410156
2019,Consumer Staples,EL,0.0020142228830425037,172.55753156873914
2019,Consumer Staples,HRL,0.0003669137267392988,39.65429492223831
2019,Consumer Staples,HSY,0.0013946790471038835,126.26394002399748
2019,Consumer Staples,KMB,0.0009485723742583111,118.6408495524573
2019,Consumer Staples,MO,0.0004214535266008077,39.508902701120526
2019,Consumer Staples,PEP,0.000998817472401136,118.22168404715401
2019,Consumer Staples,SJM,0.0006381466225003467,101.4083927396744
2019,Consumer Staples,SYY,0.001375321035800813,67.55621471102276
2019,Consumer Staples,WBA,-0.0003126787085962532,51.55365177941701
2019,Energy,BKR,0.0010300453000478276,21.704439594632102
2019,Energy,CTRA,-0.0007494395905265786,19.031429813021706
2019,Energy,CVX,0.0006312452238163696,103.52705546787807
2019,Energy,DVN,0.0009617129463468121,22.704953867291646
2019,Energy,EOG,0.00012181901894696885,76.17601110064794
2019,Energy,HES,0.002308023835299747,58.29841108170767
2019,Energy,KMI,0.0015168077122487199,16.530239786420548
2019,Energy,OKE,0.0016253399256083417,54.33322526538183
2019,Energy,OXY,-0.0011459414987070068,48.22768337007553
2019,Energy,PXD,0.0008447614209310025,128.04579804435608
2019,Energy,SLB,0.0008712999992721645,35.69489415486654
2019,Energy,WMB,0.0006100559259548996,21.122090937599303
2019,Financials,AFL,0.000720018874963854,47.7108551055666
2019,Financials,AIG,0.00125683960978937,46.18431690761021
2019,Financials,AIZ,0.0016686750528146891,105.30655449155778
2019,Financials,ALL,0.0013541387008893962,94.26693798246838
2019,Financials,CMA,0.00046501054330165217,63.192093818906756
2019,Financials,FDS,0.0013059079297802452,252.26643619840107
2019,Financials,FRC,0.0013318218401568737,98.91990770612445
2019,Financials,GS,0.001459397412532945,192.79830835735987
2019,Financials,IVZ,0.0007108834045644106,16.11960560178
2019,Financials,SCHW,0.000773371141344395,41.496744095333035
2019,Financials,TFC,0.0012625997798492395,45.20420713273306
2019,Financials,WFC,0.0008487954356073721,45.041431835719514
2019,Health Care,ABC,0.0007541717867901728,78.89920531378851
2019,Health Care,AMGN,0.0010538639521720547,179.25467264084588
2019,Health Care,ANTM,0.0007662090791461086,268.26061945112923
2019,Health Care,BAX,0.0010730171778195415,77.05367766486273
2019,Health Care,BIIB,0.0003953044771997786,263.55190452696786
2019,Health Care,HOLX,0.0010372623170139385,47.61630972604903
2019,Health Care,IDXX,0.0014726244887477472,249.16424584767176
2019,Health Care,ILMN,0.0006262961518957211,309.8039283146934
2019,Health Care,ISRG,0.0009901580780311836,177.33768535795667
2019,Health Care,STE,0.0015279104282448057,133.76655378795806
2019,Health Care,VRTX,0.0012484226997713126,184.74170606098477
2019,Health Care,WST,0.0018124625323017853,125.63158289591472
2019,Industrials,AOS,0.000635799789513358,45.793089987739684
2019,Industrials,EMR,0.0011828041914429509,61.92600985935756
2019,Industrials,FAST,0.0016472912874749915,30.11719566678244
2019,Industrials,HON,0.0013004893553756366,155.35423324221657
2019,Industrials,LDOS,0.0026201386554575374,73.46508669474768
2019,Industrials,LUV,0.0007524073259730201,52.504435493832545
2019,Industrials,NDSN,0.0013766050334405742,137.98038092113677
2019,Industrials,RHI,0.0006165125595141007,56.158971983288964
2019,Industrials,SWK,0.0015771717984390894,135.26271314469594
2019,Industrials,TT,0.001639735310810575,87.21113214038667
2019,Industrials,UPS,0.0009773969990414645,101.63542711167108
2019,Industrials,WAB,0.0006601697306926084,70.78754317571246
2019,Information Technology,AVGO,0.0011863769167890213,265.00052103920586
2019,Information Technology,EPAM,0.0025766562109499564,177.1254364195324
2019,Information Technology,HPQ,0.0003552070576377555,18.311665311692252
2019,Information Technology,INTU,0.0012809999083731338,252.0252153911288
2019,Information Technology,IT,0.0008932153085699809,148.3843256632487
2019,Information Technology,LRCX,0.0033891107943259057,202.17318450080023
2019,Information Technology,MSFT,0.001883391888864658,127.59184498257108
2019,Information Technology,NXPI,0.0024755149702475007,98.35751600114126
2019,Information Technology,PTC,-0.00013638311020016387,80.45579366835337
2019,Information Technology,TRMB,0.0010708096830060849,39.89603172786652
2019,Information Technology,V,0.0014937299948166683,164.0236230880495
2019,Information Technology,VRSN,0.0011251419268070426,190.53206343877883
2019,Materials,APD,0.0016829524734672213,196.71754709879556
2019,Materials,CE,0.0014491938392180762,103.46533875238327
2019,Materials,CF,0.0006627081375800566,41.912082202850826
2019,Materials,DD,-0.000328193187797672,68.20649620843312
2019,Materials,ECL,0.0011674065810636325,180.58386660379077
2019,Materials,IP,0.0008404185959385377,36.62340790884836
2019,Materials,MOS,-0.0008755913918730579,23.385998067401705
2019,Materials,NUE,0.000568830076989372,51.08884048461914
2019,Materials,PKG,0.0013921283010414995,93.37988084460062
2019,Materials,SEE,0.0007247304089313902,40.22931304810539
2019,Materials,SHW,0.0016909991133735587,158.9781031532893
2019,Materials,VMC,0.001619040898209455,125.72509801955451
2019,Real Estate,ARE,0.0014989002422918216,136.25683248610724
2019,Real Estate,BXP,0.0009714428220169828,119.67997420780243
2019,Real Estate,CCI,0.0012708750537188532,120.35806129092262
2019,Real Estate,CPT,0.0009021244539074536,96.49574058774918
2019,Real Estate,DLR,0.0006842375338948496,109.48471644568065
2019,Real Estate,FRT,0.0005129378433156258,119.29561288016183
2019,Real Estate,HST,0.0006867894465959774,17.067218542099
2019,Real Estate,KIM,0.0016729451465701706,16.8251272496723
2019,Real Estate,O,0.0008265919656253755,62.0896691064986
2019,Real Estate,PSA,0.00039407553904369805,209.52962772429936
2019,Real Estate,REG,0.0004815814655797827,58.65369999597943
2019,Real Estate,WELL,0.0008879057983507692,73.46389962756444
2019,Utilities,AES,0.0014755685293093956,15.64534486664666
2019,Utilities,ATO,0.0008652153416656075,98.11303810846238
2019,Utilities,CMS,0.0010839044424621985,53.94102524954175
2019,Utilities,CNP,9.376812619309546e-05,26.57161025395469
2019,Utilities,DTE,0.0008040528732621596,97.85295740763347
2019,Utilities,ES,0.0012102317061008163,70.5967148523482
2019,Utilities,ETR,0.0014955889374724176,94.42603238423665
2019,Utilities,EXC,0.000264476042905789,30.573172251383465
2019,Utilities,NEE,0.0014526283464634893,49.07199350992838
2019,Utilities,PEG,0.0006615071171034185,54.083335543435716
2019,Utilities,SO,0.0016924922781700162,49.70589118533664
2019,Utilities,XEL,0.0011537845638638082,55.825916729276145
2020,Communication Services,DIS,0.0013610109495069155,126.40185742887112
2020,Communication Services,DISH,0.00043597312018962847,31.009248952149402
2020,Communication Services,EA,0.0014108853711438496,121.38785613289934
2020,Communication Services,GOOGL,0.0013572106588372972,1478.9931240157177
2020,Communication Services,LUMN,-0.0002922188461265283,9.186114162324445
2020,Communication Services,LYV,0.0011584816291544244,55.066047547834195
2020,Communication Services,MTCH,0.003011674044094,99.0740712282686
2020,Communication Services,NFLX,0.0024536507930232572,446.82723287348693
2020,Communication Services,TMUS,0.0024719375030496423,103.89478247721676
2020,Communication Services,TTWO,0.002443058080402705,146.847668191661
2020,Communication Services,VZ,0.00011323544417396601,53.04140430194116
2020,Communication Services,WBD,0.00018943997462983123,23.83063243217619
2020,Consumer Discretionary,AAP,0.00039970499558836345,136.81491903071347
2020,Consumer Discretionary,AMZN,0.0025349940240818984,2680.8550957841835
2020,Consumer Discretionary,EBAY,0.0016512561540294262,44.935512670886375
2020,Consumer Discretionary,HAS,0.00024103369154889221,76.65614676192816
2020,Consumer Discretionary,HD,0.0012517741260822896,239.50717217366216
2020,Consumer Discretionary,KMX,0.0009651375124528259,89.23664046276228
2020,Consumer Discretionary,LEN,0.002193737985723981,64.10126104090996
2020,Consumer Discretionary,ROST,0.0008792921487235069,96.58800723712906
2020,Consumer Discretionary,TGT,0.0016212179477296945,128.55602876565203
2020,Consumer Discretionary,TJX,0.000988681036369497,54.2982767881612
2020,Consumer Discretionary,TSLA,0.010046715601170618,289.9970668747491
2020,Consumer Discretionary,VFC,0.00015254937050946486,66.77508157421006
2020,Consumer Staples,ADM,0.000780495607339154,40.84904802646562
2020,Consumer Staples,CAG,0.0005554728383618663,32.022680780161984
2020,Consumer Staples,CLX,0.0013755615019920826,189.70348240547028
2020,Consumer Staples,EL,0.0013646552654849166,202.1295521249884
2020,Consumer Staples,HRL,0.0003848728617982749,46.229355974159695
2020,Consumer Staples,HSY,0.0005076193641911304,137.3421693583251
2020,Consumer Staples,KMB,0.00022989251730827625,133.555934890928
2020,Consumer Staples,MO,-0.00016391893957598997,35.930548769683234
2020,Consumer Staples,PEP,0.00070121497166114,129.53899464965338
2020,Consumer Staples,SJM,0.0007458623920280014,105.40896923080264
2020,Consumer Staples,SYY,0.0005286325217212267,59.29451297865555
2020,Consumer Staples,WBA,-0.0009103996712855739,39.28719390145404
2020,Energy,BKR,0.0003306142499888533,15.608298742724031
2020,Energy,CTRA,0.00037037111962533376,16.023197162763875
2020,Energy,CVX,-0.0004404903369085755,79.91663639536017
2020,Energy,DVN,0.00019160837816251875,11.66205592588945
2020,Energy,EOG,-0.0007810252046759081,45.76758824224057
2020,Energy,HES,0.00045385206588577804,46.78166672929002
2020,Energy,KMI,-0.0008187760182535791,13.44613544177632
2020,Energy,OKE,-0.0004007774521706428,32.719473620177254
2020,Energy,OXY,-0.0006839024165195206,18.69320470259595
2020,Energy,PXD,0.00026656232659512955,93.55981109076338
2020,Energy,SLB,-0.0010644184779288516,20.18307417466235
2020,Energy,WMB,0.0004861634503314901,17.439723964736395
2020,Financials,AFL,8.133240807992893e-05,37.742250254031696
2020,Financials,AIG,-2.2041558711659814e-05,32.17958506859338
2020,Financials,AIZ,0.000710597460349974,114.01541026119187
2020,Financials,ALL,0.0003642752471549873,95.19132302024148
2020,Financials,CMA,0.000427126625462214,40.63064471912007
2020,Financials,FDS,0.0012851415421576765,304.8009698438079
2020,Financials,FRC,0.001365040622243308,111.52533097700639
2020,Financials,GS,0.0011743340683068723,199.336502316441
2020,Financials,IVZ,0.0012352569619654028,11.681988146936469
2020,Financials,SCHW,0.0010578182876072708,38.511078280422524
2020,Financials,TFC,0.0004072892006604805,38.71961191803099
2020,Financials,WFC,-0.0013842001318448557,28.821926674823988
2020,Health Care,ABC,0.0009610266965512435,92.20066957134503
2020,Health Care,AMGN,0.0002075339805868699,217.8312718086092
2020,Health Care,ANTM,0.0008859183110498642,272.8449242030208
2020,Health Care,BAX,0.00015258103941073875,82.18773804917166
2020,Health Care,BIIB,0.00013029167704324448,285.31383451077306
2020,Health Care,HOLX,0.0017561622521620002,57.75430821053124
2020,Health Care,IDXX,0.002907939113861593,342.7626877735726
2020,Health Care,ILMN,0.0008557871317575182,325.31399252669144
2020,Health Care,ISRG,0.001694578300698296,209.13383384372878
2020,Health Care,STE,0.0011890986134385471,159.8630308369874
2020,Health Care,VRTX,0.0007334592749524585,251.5545450444278
2020,Health Care,WST,0.0028244647566334873,223.69516111833775
2020,Industrials,AOS,0.0009223467179987076,46.31676235877478
2020,Industrials,EMR,0.0009080118808136891,62.74371220283358
2020,Industrials,FAST,0.0015320953142181543,39.67858131318224
2020,Industrials,HON,0.001222002034280465,157.6623999855735
2020,Industrials,LDOS,0.0007194948103941125,93.8742010546296
2020,Industrials,LUV,0.00020678990417569712,39.973873832009055
2020,Industrials,NDSN,0.0013659825743797668,176.84547306709138
2020,Industrials,RHI,0.000569290852254299,51.996439771689914
2020,Industrials,SWK,0.0011324938679994124,145.0145583925511
2020,Industrials,TT,0.0018213309186871079,107.0533927646079
2020,Industrials,UPS,0.0018988892988921755,123.47425670397611
2020,Industrials,WAB,0.00039177531928570835,63.778567574240945
2020,Information Technology,AVGO,0.0019976138183914497,310.4082545103292
2020,Information Technology,EPAM,0.0026639330139925587,267.6715420206545
2020,Information Technology,HPQ,0.0014527688515078093,18.001351503515433
2020,Information Technology,INTU,0.0019384538069901706,300.5897084714867
2020,Information Technology,IT,0.0006242566595829856,130.9533992661789
2020,Information Technology,LRCX,0.0027613843454621346,328.0845859814067
2020,Information Technology,MSFT,0.0017835455161357328,191.1989250936998
2020,Information Technology,NXPI,0.0016640655955710033,120.29228629613583
2020,Information Technology,PTC,0.0022571922655732833,82.49770775896758
2020,Information Technology,TRMB,0.002444433259457211,45.525612744418055
2020,Information Technology,V,0.0009844160131158232,191.89416395345697
2020,Information Technology,VRSN,0.0007718821363663742,203.88644240307713
2020,Materials,APD,0.0010644928334421137,248.29708868335828
2020,Materials,CE,0.0008906940312297881,98.37666789722066
2020,Materials,CF,3.373398235323038e-06,31.105174181489605
2020,Materials,DD,0.0010098815513332367,51.88602303516252
2020,Materials,ECL,0.0009496210024039457,194.9293238221421
2020,Materials,IP,0.0010533144361289089,34.61818799105558
2020,Materials,MOS,0.0015342746372241673,16.092858218392834
2020,Materials,NUE,0.00042083377389406554,43.48789196240572
2020,Materials,PKG,0.0013580284017804406,100.52319923973837
2020,Materials,SEE,0.0011928214441961592,35.292469288520664
2020,Materials,SHW,0.0013141463184738276,201.49744207208806
2020,Materials,VMC,0.0007265628725184696,123.26585955110934
2020,Real Estate,ARE,0.0008452129825247729,154.29332805528
2020,Real Estate,BXP,-0.0006454704159281764,92.69170307264969
2020,Real Estate,CCI,0.0009297036948992982,152.07369310582578
2020,Real Estate,CPT,0.00034791637762713636,90.4767481234705
2020,Real Estate,DLR,0.0011039105597883678,133.84086575715438
2020,Real Estate,FRT,-0.0005652746525487356,83.56315329329298
2020,Real Estate,HST,4.5513317988203724e-05,12.565992562667184
2020,Real Estate,KIM,4.3114912765126334e-05,12.58546886519481
2020,Real Estate,O,0.00022440046543544106,55.78642248824651
2020,Real Estate,PSA,0.000738532037002626,200.35267795969847
2020,Real Estate,REG,-0.00013812464147443362,42.56151960018595
2020,Real Estate,WELL,0.000371807756639978,55.94613480096749
2020,Utilities,AES,0.001472199742670884,16.379728324799668
2020,Utilities,ATO,-0.00019846010917990272,97.17141183845611
2020,Utilities,CMS,0.0002845506657991523,58.50654365328461
2020,Utilities,CNP,-9.124869234044877e-05,19.53291934469472
2020,Utilities,DTE,0.0003384992312805698,93.28435330899808
2020,Utilities,ES,0.0005735652562594318,81.99760227429537
2020,Utilities,ETR,-0.00014665329785429096,98.40050943849586
2020,Utilities,EXC,0.00037506245812960474,27.024072594322234
2020,Utilities,NEE,0.0013807924626431877,64.3962361331985
2020,Utilities,PEG,0.00041616601374270504,50.99033850266528
2020,Utilities,SO,0.00043756286032939123,54.00063863761812
2020,Utilities,XEL,0.0005994614182147174,64.66330109848806
